{
    "sims": [
        {
            "id": "14b6015f-b5f2-44c8-b37a-5cb9b4a81064",
            "raptors": [
                112.85365853658843
            ],
            "jazz": [
                117.07317073170455
            ]
        },
        {
            "id": "117c6e55-b012-4bd4-9028-698220f63d76",
            "spurs": [
                113.03658536585317
            ],
            "jazz": [
                117.07317073170455
            ]
        },
        {
            "id": "276cf952-060b-4cbb-bf5b-a3bc7b48e586",
            "trailblazers": [
                113.40243902439131
            ],
            "jazz": [
                117.07317073170455
            ]
        },
        {
            "id": "2960662e-f119-4149-b947-f91fad9c0962",
            "trailblazers": [
                113.40243902439131
            ],
            "jazz": [
                117.07317073170455
            ]
        }
    ]
}