{
    "sims": [
        {
            "id": "1f051c47-92f5-4900-964c-45543751eeb4",
            "celtics": [
                117.93902439024392
            ],
            "hawks": [
                118.42682926828967
            ]
        },
        {
            "id": "3448882a-aa7a-4d06-86dc-b0d8a1e11a65",
            "wizards": [
                113.15853658536378
            ],
            "jazz": [
                117.07317073170455
            ]
        },
        {
            "id": "14b6015f-b5f2-44c8-b37a-5cb9b4a81064",
            "raptors": [
                112.85365853658843
            ],
            "jazz": [
                117.07317073170455
            ]
        },
        {
            "id": "117c6e55-b012-4bd4-9028-698220f63d76",
            "spurs": [
                113.03658536585317
            ],
            "jazz": [
                117.07317073170455
            ]
        }
    ]
}